,year,love,memories,breakups,party,homesick,independence
0,2006,4.0,6.0,7.0,2.0,1.2123820374313476,0.0
1,2008,3.0,8.0,6.0,1.0,0.21424801142711386,4.0
2,2010,9.0,5.0,11.0,5.0,1.1542790731677577,2.0
3,2012,2.0,7.0,9.0,7.0,1.867688671736501,1.0
4,2014,6.0,4.0,5.0,6.0,0.8112334533139921,1.0
5,2017,5.0,4.0,3.0,6.0,1.303771692127234,3.0
